https://dwgyu36up6iuz.cloudfront.net/heru80fdn/image/upload/c_fill,d_placeholder_thenewyorker.png,fl_progressive,g_face,h_450,q_80,w_800/v1525191991/thenewyorker_selfies-millennials-and-narcissism.jpg
https://www.readersdigest.ca/wp-content/uploads/sites/14/2017/11/facts-about-selfies-7.jpg
https://newsroom.clevelandclinic.org/wp-content/uploads/sites/4/2018/05/Selfie.jpg
http://www.traveller.com.au/content/dam/images/g/u/r/i/h/p/image.related.articleLeadwide.620x349.gurgrw.png/1490053481034.jpg
https://images.medicaldaily.com/sites/medicaldaily.com/files/styles/headline/public/2015/08/18/selfie-time.jpg
https://static01.nyt.com/images/2017/02/15/learning/Fogel-Shrive1LN/Fogel-Shrive1LN-articleLarge.jpg?quality=75&auto=webp&disable=upscale
https://i.dailymail.co.uk/i/pix/2017/02/10/23/3D106C2B00000578-0-image-a-19_1486769665133.jpg
https://www.psypost.org/wp-content/uploads/2017/02/Attractive-model-woman-taking-a-selfie.jpg
https://amp.businessinsider.com/images/5a54008e3225de7d018b51d4-750-563.jpg
http://www.phonesheriff.com/blog/wp-content/uploads/2015/09/selfies-510x300.png
https://www.theravive.com/today/imageFiles/2017/Selfies%20Mental%20Health.jpg
https://media.allure.com/photos/595f1a341533d771860418bc/16:9/w_1280,c_limit/GettyImages-521865021.jpg
https://i.pinimg.com/originals/e5/25/01/e5250144bec63352e9ce32df7b0e6949.jpg
https://static.boredpanda.com/blog/wp-content/uploads/2017/09/pilot-fake-mid-flight-selfies-instagram-daniel-centeno-fb2__700-png.jpg
https://curiousmindmagazine.com/wp-content/uploads/2017/09/Selfies-Narcissism.jpg
https://ugc.reveliststatic.com/gen/constrain/640/640/80/2018/03/14/16/a3/kw/ph488juk0s2qbwe.jpg
https://www.motherjones.com/wp-content/uploads/istock_73589639_large.jpg?w=990
https://junkee.com/wp-content/uploads/2016/11/selfie.jpg
https://s24193.pcdn.co/wp-content/uploads/2018/06/Screen-Shot-2018-06-25-at-3.43.31-PM.png
https://cnet3.cbsistatic.com/img/Jegq5fO6N3biULJ_SfOIZEQiUg8=/2017/11/23/81b7fb49-63e6-429c-a66b-cf0646556af2/selfie-one-plus-5t-jpg.jpg
https://img.etimg.com/thumb/msid-59284015,width-643,imgsize-122108,resizemode-4/always-caught-clicking-a-selfie-most-popular-ones-are-about-looks.jpg
https://i.pinimg.com/originals/d2/05/23/d2052379bb32aebc3d66b090320d6b91.jpg
https://icdn2.digitaltrends.com/image/img_0327-720x720.jpg?ver=1.jpg
https://steemitimages.com/640x0/https://cdn.steemitimages.com/DQmdpiSMqjDxqnLDUKxm74Wqb9xH3pKPoFJnwd7qfGRbvUV/Hot-Selfie-vol.100-01.jpg
http://www.gentinettafilm.ch/selfies_files/gentinettafilm-selfies-06.jpg
https://image-us.samsung.com/SamsungUS/support/solutions/mobile/phones/galaxy-note/note9/US_ANS_PIE_selfie_ANS00062594_0.png
https://img.purch.com/w/755/aHR0cDovL21lZGlhLmJlc3RvZm1pY3JvLmNvbS8yL0svNTUwODkyL29yaWdpbmFsL1NlbGZpZXMtMDIuanBn
https://beyondwords.life/wp-content/uploads/2017/05/1.jpg
https://images.idgesg.net/images/article/2018/07/iphone-pixabay-100763451-orig.jpg
https://media.apnarm.net.au/media/images/2017/10/27/imagev1731006674e03c04fb1c1b2c0030d2895-kne29a0sc2909sas5p2_ct677x380.jpg
https://cdn-images-1.medium.com/max/800/1*rWjsT6QIWTgVnaG7ke6RBw.jpeg
https://ichef.bbci.co.uk/news/912/cpsprodpb/14A4F/production/_101195548_whatsappimage2018-05-06at11.45.11.jpg
https://cdn-images-1.medium.com/max/800/1*P9_012KVseWL8-epmheiGA.jpeg
https://sadanduseless.b-cdn.net/wp-content/uploads/2019/03/scotch-tape-selfies6.jpg
https://techcrunch.com/wp-content/uploads/2015/11/shutterstock_252786013.jpg?w=730&crop=1
https://realfarmacy.com/wp-content/uploads/2014/04/selfie-feat.jpg
http://hyperallergic.com/wp-content/uploads/2013/11/Ameily_radke_es_vato.jpg
https://images.theconversation.com/files/196042/original/file-20171123-6020-aa3n9n.jpg?ixlib=rb-1.1.0&rect=0%2C10%2C6720%2C3360&q=45&auto=format&w=1356&h=668&fit=crop
http://everydayfeminism.com/wp-content/uploads/2014/04/Selfie-HG.jpg
http://coveteur.com/wp-content/uploads/2015/02/Alena_Blohm-The_Coveteur-Model_Selfies-04-1.jpeg
https://www.theplanettoday.com/wp-content/uploads/2018/12/selfies.jpg
https://lookaside.fbsbx.com/lookaside/crawler/media/?media_id=503996646430999
https://media.thetab.com/blogs.dir/279/files/2018/06/phone-mobilephone-electronics-computer-cellphone-person-people-human.jpg
http://deliveryimages.acm.org/10.1145/2780000/2770886/ins01.gif
https://static.independent.co.uk/s3fs-public/thumbnails/image/2014/05/12/09/master-selfie.jpg?w968h681
http://everydayfeminism.com/wp-content/uploads/2015/09/iStock_000050202786_Medium.jpg
https://www.howtogeek.com/wp-content/uploads/2016/12/2selfie.jpg
https://timedotcom.files.wordpress.com/2014/03/screen-shot-2014-03-24-at-10-23-50-am.png
https://fsmedia.imgix.net/84/f7/02/9f/d6e3/439c/b696/e7cac872481e/this-selena-gomez-selfie-created-its-own-news-cycle.png?rect=0%2C0%2C2350%2C1176&auto=format%2Ccompress&dpr=2&w=650
https://ca.hellomagazine.com/images/stories/0/2016/06/21/000/360/494/gallery_1_1.jpg
https://s3.r29static.com//bin/entry/949/0,0,533,640/720x864,85/1357230/image.webp
https://www.flare.com/wp-content/uploads/2017/10/Kim-Kardashian-selfie-INLINE.jpg
https://www.sickchirpse.com/wp-content/uploads/2018/02/Selfie.jpg
https://hips.hearstapps.com/hmg-prod.s3.amazonaws.com/images/gal-lead-jpg-1497821341.jpg?crop=1.00xw:1.00xh;0,0&resize=480:*
https://awol.junkee.com/wp-content/uploads/2017/12/Untitled-1.jpeg
https://citinewsroom.com/wp-content/uploads/2018/06/selfie-2.jpg
https://buffer.com/resources/wp-content/uploads/2015/06/rayban-reflections.png
https://media.npr.org/assets/img/2015/07/31/ramona_martinez_selfie_wide-372ec6e9c67e8510e99aa69231d2c2019449bcf7.jpg?s=1400
https://www.cheatsheet.com/wp-content/uploads/2017/01/Woman-taking-selfie.jpg
https://www.familyandmedia.eu/wp-content/uploads/2018/10/529382-4386816-selfie-psicologia-725x545.jpg
https://www.licedoctors.com/sites/default/files/styles/blog_704_328/public/selfie.jpg?itok=CFrbv6UY
https://www.irishtimes.com/polopoly_fs/1.3580915.1532959908!/image/image.jpg_gen/derivatives/box_620_330/image.jpg
https://cdn.theatlantic.com/assets/media/img/mt/2018/04/lead_large/lead_720_405.jpg?mod=1533691469
https://ichef.bbci.co.uk/news/660/cpsprodpb/153EB/production/_105191078_selfie1.jpg
http://www.scarymommy.com/wp-content/uploads/2016/04/MomSelfie1.jpg
https://img.buzzfeed.com/buzzfeed-static/static/2017-05/31/10/asset/buzzfeed-prod-fastlane-03/sub-buzz-21859-1496242158-4.png?downsize=700:*&output-format=auto&output-quality=auto
https://static.makeuseof.com/wp-content/uploads/2018/05/Selfie-Tips-670x335.jpg
https://o.aolcdn.com/images/dims?quality=85&image_uri=https%3A%2F%2Fo.aolcdn.com%2Fimages%2Fdims%3Fcrop%3D8574%252C5715%252C0%252C0%26quality%3D85%26format%3Djpg%26resize%3D1600%252C1066%26image_uri%3Dhttp%253A%252F%252Fo.aolcdn.com%252Fhss%252Fstorage%252Fmidas%252F16ed0b8f324a38066e264815daeb5a76%252F206601793%252Fwinter-selfie-picture-id513549622%26client%3Da1acac3e1b3290917d92%26signature%3De84f876e5f25cedb3f5ae534fe2b273150795b0c&client=amp-blogside-v2&signature=7cb2d1a96e8d83d02834abbd48c422c699521583
https://www.verywellfamily.com/thmb/VQ2WukbfMz6uw1KSJFp_GVkA2Pk=/768x0/filters:no_upscale():max_bytes(150000):strip_icc()/159627145-56a6f4aa5f9b58b7d0e5ab64.jpg
https://pixel.nymag.com/imgs/daily/vulture/2014/01/24/magazine/24-selfies-13.w190.h190.2x.jpg
https://thechive.files.wordpress.com/2017/08/4777349d558488f7e619f9c09ebf864c.jpg?quality=85&strip=info&w=600
https://blog.prodir.com/wp-content/uploads/2017/05/about-selfies-prodir-blog.jpg
https://cdn-images-1.medium.com/max/1600/1*kZQXEoBGYRgmeYsA13HpRw.jpeg
https://images.techhive.com/images/article/2016/08/the-list-selfies-kim-primary-100679108-large.jpg
https://newsroom.unsw.edu.au/sites/default/files/styles/full_width/public/thumbnails/image/photo_1.jpg?itok=FqdlMVYV
https://petapixel.com/assets/uploads/2017/12/selfie1-800x420.jpg
https://i2-prod.chroniclelive.co.uk/incoming/article14289818.ece/ALTERNATES/s1227b/IMG_20170807_120644_453.jpg
https://www.psychalive.org/wp-content/uploads/2014/05/selfie_obsession.jpg
https://thehaze.org/wp-content/uploads/2017/08/01-Mind-Blowing-Facts-About-Selfies_personality_480511518_gpointstudio-9.jpg
https://assets.heart.co.uk/2014/32/annoying-selfie---kelly-brooke--1407771786-view-0.png
https://www.thetimes.co.uk/imageserver/image/methode%2Ftimes%2Fprod%2Fweb%2Fbin%2Fb76ba4ba-b01c-11e6-8513-587a14457823.jpg?crop=1500%2C844%2C-0%2C78&resize=685
http://skyzeditz.com/wp-content/uploads/2017/07/callmex.png
https://d53l9d6fqlxs2.cloudfront.net/photos/79454-selfiesjpg.jpg.660x0_q80_crop-scale_upscale.jpg
https://bellejarblog.files.wordpress.com/2015/05/11188216_10155552157775215_7001958164041871094_n1.jpg
https://www.netnanny.com/assets/blogimages/are-you-a-selfie-addict.jpg
http://sites.psu.edu/miamatakhir/wp-content/uploads/sites/39896/2016/02/colton-haynes-peace-sign-selfie-main.jpg
https://citizen.co.za/wp-content/uploads/2018/11/accident-selfie-525x418.jpg
http://wittyandpretty.com/wp-content/uploads/2013/11/IMG_0441.jpg
https://newtheory.com/wp-content/uploads/2016/06/male-selfies-plastic-surgery.jpg
https://cdn.vox-cdn.com/thumbor/vrWS58WjyUCHTuy8n1V5YZgifzw=/0x0:2976x3968/1200x0/filters:focal(0x0:2976x3968):no_upscale()/cdn.vox-cdn.com/uploads/chorus_asset/file/8027147/IMG_20170221_141448.jpg
https://d2hdssvult3r4r.cloudfront.net/wp-content/uploads/2017/04/perfect-selfie-apps.jpg
https://cdn1.thr.com/sites/default/files/imagecache/landscape_928x523/2018/10/museum_of_selfies-8142-publicity-h_2018.jpg
https://cdn.psychologytoday.com/sites/default/files/styles/article-inline-half/public/blogs/3824/2014/01/141453-142405.png?itok=AuZ_oqsX
https://www.imore.com/sites/imore.com/files/styles/xlarge/public/field/image/2017/11/portrait-hero-intro-iphone-x.jpg?itok=PiDnLpV9
https://cdn.vox-cdn.com/thumbor/OZwNCPMjkFROOjNs5zWBQjQvee4=/0x0:2040x1360/1200x0/filters:focal(0x0:2040x1360):no_upscale()/cdn.vox-cdn.com/uploads/chorus_asset/file/8025615/akrales_170221_1473_A_0034.0.jpg
https://d2e111jq13me73.cloudfront.net/sites/default/files/styles/blog_article/public/blog/csm-blog/science-of-selfies-blog.jpg?itok=AnbOFLPO
https://www.sammobile.com/wp-content/uploads/2019/03/Galaxy-S10-vs-s10e-selfie-2.jpg
https://www.berylshaw.com/wp-content/uploads/2017/06/selfie1.jpg
https://static.bhphotovideo.com/explora/sites/default/files/styles/top_shot/public/19795-ts4.jpg?itok=B6TCxWwq
https://akns-images.eonline.com/eol_images/Entire_Site/20171121/rs_634x1024-171221104630-KylieHair634-.jpg?fit=inside|900:auto&output-quality=90
https://static.bhphotovideo.com/explora/sites/default/files/styles/top_shot/public/19795-ts4.jpg?itok=B6TCxWwq
https://i.kinja-img.com/gawker-media/image/upload/s--MEuTeMhh--/c_scale,f_auto,fl_progressive,q_80,w_800/u87ls2wdsqd9faegtett.jpg
https://akns-images.eonline.com/eol_images/Entire_Site/20171121/rs_634x1024-171221104630-KylieHair634-.jpg?fit=inside|900:auto&output-quality=90
https://images.techhive.com/images/article/2015/05/thelist-selfies-same2-selfie-100584128-large.jpg
https://businesstech.co.za/news/wp-content/uploads/2014/03/Selfie.png
https://img.huffingtonpost.com/asset/5a590f5e220000251ab4e316.jpeg?cache=f51VEeNciI&ops=crop_0_83_2744_1743%2Cscalefit_720_noupscale
https://cdn-images-1.medium.com/max/800/1*IV40Cjoz3i0aAnE85Xj0hA.jpeg
https://cdn0.tnwcdn.com/wp-content/blogs.dir/1/files/2016/07/dangerous-selfie.jpg
https://upload.wikimedia.org/wikipedia/commons/thumb/d/d3/Bangladeshi_girls_taking_Selfie_at_Pohela_Falgun.jpg/220px-Bangladeshi_girls_taking_Selfie_at_Pohela_Falgun.jpg
https://img.purch.com/w/660/aHR0cDovL3d3dy5saXZlc2NpZW5jZS5jb20vaW1hZ2VzL2kvMDAwLzA5OC81ODkvb3JpZ2luYWwvc2VsZmllLWRpc3RvcnRpb24uanBn
https://cdn-img.health.com/sites/default/files/styles/large_16_9/public/styles/main/public/gettyimages-585587927.jpg?itok=QbMy8VEz
https://www.queensjournal.ca/sites/default/files/styles/large/public/img/story/2017/11/16/web_2.jpg?itok=PCbNDoa7
https://image.redbull.com/rbcom/010/2014-04-29/1331648071122_2/0100/0/1/jokke-sommer-hawaii-heli-selfie.JPG
https://www.imore.com/sites/imore.com/files/styles/xlarge/public/field/image/2017/11/portrait-selfies-best-tips-hero-02.jpg?itok=DNJKlT0F
https://thechive.files.wordpress.com/2017/08/3bc2166c7f3e780b7ff89f3332e6e934-1.jpg?quality=85&strip=info&w=600
https://video-images.vice.com/articles/5bb26065b2091600066c2e38/lede/1538417617291-Screen-Shot-2018-10-01-at-21247-PM.png?crop=1xw:0.9073319755600815xh;center,center&resize=1200:*
https://cdn.lolwot.com/wp-content/uploads/2016/02/20-leaked-celebrity-selfies-youve-never-seen-before-1.jpg
https://www.okchicas.com/wp-content/uploads/2017/06/Selfie-necesitas-tomarte-7-572x700.jpg
https://ichef.bbci.co.uk/news/660/cpsprodpb/6A66/production/_100183272_junaidselfiemain2.jpg
https://media.glamour.com/photos/57445cb0be7143c60c155ae9/master/w_1600,c_limit/Selfies-Self-Esteem.jpg
https://ksassets.timeincuk.net/wp/uploads/sites/55/2016/12/Screen-Shot-2016-12-06-at-15.40.25.png
https://stmedia.stimg.co/kkselfie.jpg?auto=compress&crop=faces&dpr=1&w=525
https://cdn.vox-cdn.com/thumbor/a-utCE-PYUphBhgRAJFuoBEhWeE=/0x0:2040x1360/1200x800/filters:focal(857x517:1183x843)/cdn.vox-cdn.com/uploads/chorus_image/image/54717385/akrales_170221_1473_A_0074.0.0.jpg
https://cdn0.tnwcdn.com/wp-content/blogs.dir/1/files/2018/10/Untitled-design-9-796x417.png
https://news.byu.edu/sites/default/files/1701-05%20Selfie%200018.JPG
https://www.donaldsonplasticsurgery.com/wp-content/uploads/2014/08/patient-selfies-1-710x515.jpeg
https://laughingsquid.com/wp-content/uploads/2015/10/20-year-old-compiles-daily-selfi.jpg
http://selfiecity.net/assets/img/selfiecity-600.jpg
https://i.kinja-img.com/gawker-media/image/upload/s--TogtdtqU--/c_scale,f_auto,fl_progressive,q_80,w_800/1971vdoau8z5ejpg.jpg
https://www-media.netsanity.net/wp-content/uploads/2016/01/05124714/Selfie.tween_.jpg
http://losarys.com/wp-content/uploads/2015/03/Messi-The-Selfie-Shootout-LosArys-.jpg
https://assets.entrepreneur.com/content/3x2/2000/20180816214154-GettyImages-573064083.jpeg?width=700&crop=2:1
http://www.getaway.co.za/wp-content/uploads/2018/10/Wu-Yongning.jpg
https://souvenirfinder.com/2017/06/05/take-better-selfies-travel-home-ultimate-guide/img_7603-3/
https://cdn.londonandpartners.com/assets/competitions/82274-640x360-towerbridge-selfie.jpg
https://e-safety-docs.s3.amazonaws.com/media/Selfie.jpg
https://www.tripsavvy.com/thmb/TMRYkAigO207XonVJTpohrwWJuE=/960x0/filters:no_upscale():max_bytes(150000):strip_icc()/Lumee-2-Lifestyle-58bf2b573df78c353c441599.jpg
https://blog-6aa0.kxcdn.com/wp-content/uploads/2017/10/Crazy-Selfies.jpg
https://images.techhive.com/images/article/2015/04/youcam-after-100578127-orig.jpg
https://www.berylshaw.com/wp-content/uploads/2017/06/selfie2.jpg
https://s2.r29static.com//bin/entry/7d5/0,0,2000,2400/720x864,85/1587722/image.webp
https://media.allure.com/photos/5a8d920f72a8440ad9dbed88/16:9/w_1280,c_limit/radhika-sanghani-side-view-nose-selfies.jpg
https://amp.thisisinsider.com/images/5a0b387e91533234028b47c6-750-563.jpg
https://thumbor.thedailymeal.com/cECKyqca3ISDyLPSkRqB0Usf2lg=/774x516/https://www.theactivetimes.com/sites/default/files/uploads/0/0-shutterstock_458757943_0.jpg
https://amp.businessinsider.com/images/5981e6b28754330c503eeb35-750-563.jpg
https://akns-images.eonline.com/eol_images/Entire_Site/2018327/rs_634x844-180427144907-634-jessica-simpson-mv-42718.jpg?fit=inside|900:auto&output-quality=90
https://www.lifewire.com/thmb/SVfqbEFIoV9q1TaiJsUPyo--TiY=/768x0/filters:no_upscale():max_bytes(150000):strip_icc()/selfieapps-5b8edfc646e0fb00258727a0.jpg
https://mondrian.mashable.com/2015%252F09%252F22%252Ff5%252Fselfie.1232d.jpg%252F950x534__filters%253Aquality%252890%2529.jpg?signature=i42kOyaYf_NetiuGMZs0H-PkNMA=
https://icdn2.digitaltrends.com/image/screen-shot-2017-03-30-at-3-53-17-pm-823x610.png
https://ei.marketwatch.com/Multimedia/2018/10/30/Photos/ZH/MW-GU480_76eecf_20181030153749_ZH.jpg
https://manrepeller-wpengine.netdna-ssl.com/wp-content/uploads/2018/07/Nadine-Farag-30-Days-of-Outfit-Selfies-Man-Repeller-August-2018-Features-18.jpg
https://www.thesun.co.uk/wp-content/uploads/2016/05/2879921.main_image.jpg?strip=all
https://secure.i.telegraph.co.uk/multimedia/archive/02739/selfie_2739413b.jpg
https://images.boredomfiles.com/wp-content/uploads/2015/11/01-bad-selfies.jpg
https://cms.qz.com/wp-content/uploads/2017/02/zeny.jpg?quality=75&strip=all&w=410&h=227
https://cdn.newsapi.com.au/image/v1/1d3ac500f0df3a61f44514790a2846a3
https://www.androidcentral.com/sites/androidcentral.com/files/styles/xlarge_wm_brw/public/field/image/2017/11/phone-vs-pixel-portrait-selfie-80wr.jpg?itok=i3KLiFOU
https://media-cdn.tripadvisor.com/media/photo-s/10/d5/90/45/take-your-best-selfies.jpg
https://cdn.cnn.com/cnnnext/dam/assets/170301101237-emma-watson-selfies-large-169.jpg
https://media.glamour.com/photos/59a587b8b1277631026ffa0d/master/w_400,c_limit/britney-spears-no-makeup-selfie-instagram.jpg
https://petapixel.com/assets/uploads/2018/11/Photo-24-08-2017-10-30-56-800x534.jpg
https://media.apnarm.net.au/media/images/2018/02/27/imagev1c948d339863af6502170a8b975a79629-chey86r6ap0q11tdup2_fct484x363x166.0_ct300x225.jpg
https://thechive.files.wordpress.com/2017/10/6e2cbfab45654b9324298739a021a3fa_width-600.jpg?quality=85&strip=info&w=600
https://i.pinimg.com/236x/b1/eb/5c/b1eb5cacc7c25e65aa62da1b6af09e7d.jpg
https://cdn.images.express.co.uk/img/dynamic/78/590x/Marchese-775022.jpg
https://www.adweek.com/wp-content/uploads/sites/2/2014/04/selfie2.jpg
http://exministries.tv/wp-content/uploads/2014/03/selfie.jpg
https://www.oddee.com/wp-content/uploads/_media/imgs/articles2/a99032_bad-selfie-5.jpg
https://hips.hearstapps.com/hmg-prod.s3.amazonaws.com/images/camila-mendes-lili-reinhart-selfie-1544633858.png
https://imgix.bustle.com/uploads/image/2018/7/24/6ffbed88-2671-4104-9711-3a281cf9a324-stocksy_txp0131b1818m1200_small_1162447.jpg?w=1020&h=574&fit=crop&crop=faces&auto=format&q=70
https://static01.nyt.com/images/2013/12/29/arts/29SELFIE_SPAN/29SELFIE_SPAN-articleLarge.jpg?quality=75&auto=webp&disable=upscale
https://static.independent.co.uk/s3fs-public/thumbnails/image/2018/09/18/17/asa-hutchinson.jpg?w968h681
https://images.complex.com/complex/image/upload/c_limit,w_680/fl_lossy,pg_1,q_auto/rbjzqrs3zaukpx8baeux.jpg
https://cnet2.cbsistatic.com/img/9KcXZgOl0kZ1h3Se6KFNjctk0Z0=/1600x900/2018/10/05/d6429c66-3e75-46aa-b4eb-5d01a62d6c94/xs-selfie-header.jpg
https://i.ytimg.com/vi/WjE0JgYJSlE/hqdefault.jpg
https://media.wmagazine.com/photos/5b918494d63aca33584d978e/master/pass/kim%20kardashian%20ordered%20not%20to%20take%20selfies%20by%20doctor.jpg
https://www.postplanner.com/hs-fs/hub/513577/file-2882292597-jpg/blog-files/holding-selfie-stick-wrong.jpg?width=600&height=600&name=holding-selfie-stick-wrong.jpg
http://coveteur.com/wp-content/uploads/2015/02/Anna_Speckhart-The_Coveteur-Model_Selfies-01-728x728.jpg
https://news.princeton.edu/uploads/243/image/072716-selfies%20-%20hiker.gif
https://assets.teenvogue.com/photos/576970435234d75836f1e591/master/pass/kylie-selfie-tout.jpg
https://techcrunch.com/wp-content/uploads/2014/05/screen-shot-2014-05-24-at-5-08-39-pm.png?w=730&crop=1
https://www.researchgate.net/profile/Paul_Frosh/publication/280802937/figure/fig1/AS:284594520772611@1444864029341/Deictic-arms-one-of-Justin-Biebers-m-any-selfies.png
https://ichef.bbci.co.uk/images/ic/720x405/p05w2f82.jpg
https://manrepeller-wpengine.netdna-ssl.com/wp-content/uploads/2018/04/The-Comments-on-My-Selfies-Are-Different-Now-That-I%E2%80%99m-a-Mom-Man-Repeller-Feature-1.jpg
https://peopledotcom.files.wordpress.com/2019/01/kesha-1-1200.jpg?w=768
https://i.ytimg.com/vi/u_CoynY-5BQ/maxresdefault.jpg
http://c2.thejournal.ie/media/2018/07/dilmusbw0aa6koa-752x501.jpg
https://hips.hearstapps.com/ell.h-cdn.co/assets/15/25/1600x800/landscape-1434714341-elle-makeup-free-selfies.jpg?resize=480:*
https://store-images.s-microsoft.com/image/apps.376.13869616971127354.b180ffc8-0ff7-4059-a613-e94d62f3b6df.e74341a3-1b41-4565-930b-84e2fba85b41?mode=scale&q=90&h=720&w=1280
https://www.sciencealert.com/images/2018-08/processed/girl_in_bed_taking_selfie_getty_600.jpg
https://home.bt.com/images/13-beauty-apps-that-will-airbrush-your-selfies-to-fake-perfection-136399981991102601-150824100103.jpg
https://www.shoutmeloud.com/wp-content/uploads/2016/04/Lilly-singh-Youtuber-Selfie-video-tips.jpg
https://hips.hearstapps.com/hmg-prod.s3.amazonaws.com/images/how-to-take-good-selfies-1520019379.jpg?resize=480:*
https://cms.qz.com/wp-content/uploads/2017/07/frida-van-gogh-head.jpeg?quality=75&strip=all&w=410&h=231
https://mondrian.mashable.com/uploads%252Fcard%252Fimage%252F850345%252F976e6f37-4a26-4d19-9917-ba5a99bd5c9f.jpg%252F950x534__filters%253Aquality%252890%2529.jpg?signature=tqZ1Nyt8R6TW5WaXFjwstqeoZDk=&source=https%3A%2F%2Fblueprint-api-production.s3.amazonaws.com
https://www.shape.com/sites/shape.com/files/styles/story_detail/public/1000-young-woman-taking-selfie.jpg?itok=XNo-ce9Z
https://previews.123rf.com/images/maridav/maridav1502/maridav150200211/36864944-fitness-selfie-woman-self-portrait-after-workout-sport-athlete-taking-selfies-photo-after-working-ou.jpg
https://cdn.funeralwise.com/wp-content/uploads/sites/4/2015/01/20130523/funeral-selfie.jpg
http://www.three.co.uk/hub/wp-content/uploads/Couples.jpg
https://i.ytimg.com/vi/vbINDVqaQic/maxresdefault.jpg
https://s3-us-west-2.amazonaws.com/uw-s3-cdn/wp-content/uploads/sites/6/2017/08/04135457/UW-BiliScreen.jpg
https://cdn.vox-cdn.com/thumbor/Ts1jHaYFNB6N-9rpjT_P89bRgZQ=/0x0:2040x1360/1200x800/filters:focal(797x379:1123x705)/cdn.vox-cdn.com/uploads/chorus_image/image/57115107/DSCF5798.0.jpg
https://thechive.files.wordpress.com/2016/01/car-selfies-will-drive-us-into-the-new-year-30-photos-30.jpg?quality=85&strip=info&w=600
https://www.popsci.com/sites/popsci.com/files/styles/1000_1x_/public/images/2018/12/00-selfie.jpg?itok=ugSRW-O9&fc=50,50
https://s23527.pcdn.co/wp-content/uploads/2016/12/selfies3-745x499.jpg.optimal.jpg
https://secure.i.telegraph.co.uk/multimedia/archive/03138/alice1_3138745b.jpg
https://i.dailymail.co.uk/i/pix/2016/09/14/19/385AEA2800000578-3789655-image-a-46_1473877779252.jpg
https://img.gadgethacks.com/img/41/35/63652997251275/0/snapchat-101-use-your-selfies-create-bitmoji-deluxe.w1456.jpg
https://cdn-images-1.medium.com/max/1200/1*oqW3-7MSWUOjA2-gTqqRiw.jpeg
https://media.npr.org/assets/img/2015/12/29/gettyimages-480021120_wide-b3264085a3b2de6722bf5c599ffd3cf66d68daea.jpg?s=1400
https://ichef.bbci.co.uk/news/660/cpsprodpb/183DE/production/_84649299_e.png
https://images.techhive.com/images/article/2015/05/thelist-selfies-gym-selfie-100584120-large.jpg
http://blog.wordnik.com/wp-content/uploads/felfie5.jpg
https://cdn.cnn.com/cnnnext/dam/assets/131119094404-16-celeb-selfie-restricted-horizontal-large-gallery.jpg
https://parentinfo.org/sites/default/files/styles/main_article_image/public/Selfie%20by%20Patrik%20Nygren%20CCBYSA2.jpg?itok=MeVBmJnI
https://www.donaldsonplasticsurgery.com/wp-content/uploads/2014/10/Breast-Augmentation-Columbus-Ohio-Patient-Selfie-4.jpg
https://www.imore.com/sites/imore.com/files/styles/xlarge/public/field/image/2017/11/bad-selfie-close.jpg?itok=vRV1QO4c
https://media.guestofaguest.com/t_article_content/gofg-media/2017/01/1/48190/13724711_324802017861302_1262260467_n_(2).jpg
https://hips.hearstapps.com/hmg-prod.s3.amazonaws.com/images/screen-shot-2017-10-06-at-5-22-54-pm-1507324986.png?crop=1xw:1xh;center,top&resize=480:*
http://www.cheatsheet.com/wp-content/uploads/2015/11/Selfie-of-man-with-smart-phone-640x426.jpg
https://uploads.guim.co.uk/2017/10/06/Joanna-Moorhead,-R.png
https://static.independent.co.uk/s3fs-public/thumbnails/image/2018/08/02/17/14723471-1247633178627245-1403496815847800832-n.jpg?w968h681
https://cdn.vox-cdn.com/thumbor/NJSbU4rpUnYGdIjMTqniNmyElcA=/0x0:1920x1080/1200x800/filters:focal(807x387:1113x693)/cdn.vox-cdn.com/uploads/chorus_image/image/62993479/PS4_Screenshot_2019_01_28_13_25_11.0.png
https://1v1d1e1lmiki1lgcvx32p49h8fe-wpengine.netdna-ssl.com/wp-content/uploads/2014/07/eminem.jpg
https://pixel.nymag.com/imgs/daily/vulture/2014/01/24/magazine/24-selfies-2.w190.h190.2x.jpg
https://upload.wikimedia.org/wikipedia/commons/thumb/1/1d/Lee_Myung-Bak_and_Ji_So-Yun.jpg/220px-Lee_Myung-Bak_and_Ji_So-Yun.jpg
https://www.eurekalert.org/multimedia/pub/web/130534_web.jpg
https://cdn.dxomark.com/wp-content/uploads/medias/post-24708/EiffelTowerFromTrocadero_AppleiPhoneXSMax_DxOMark_Selfie_05-00-e1547136356365.jpg
https://petapixel.com/assets/uploads/2018/10/iphoneskinsmoothingfeattttt-800x420.jpg
https://photos5.appleinsider.com/gallery/30469-50011-group-selfies-pixabay-l.jpg
http://design2talk.com/wp-content/uploads/2016/03/bb.jpg
https://www.hellomagazine.com/imagenes/royalty/2019032871416/royal-selfies-photos-meghan-markle-kate-middleton-the-queen/0-348-544/prince-william-a.jpg
https://www.readersdigest.ca/wp-content/uploads/sites/14/2017/11/facts-about-selfies-2.jpg
http://coveteur.com/wp-content/uploads/2015/02/Ashley_Smith-The_Coveteur-Model_Selfies-03-728x723.jpg
https://www.bolde.com/wp-content/uploads/2016/03/iStock_000073550565_Small-e1457392752437-400x366.jpg
https://img.etimg.com/thumb/height-480,width-640,imgsize-232407,msid-68663425/nirmala-sitharaman-1200.jpg
https://hips.hearstapps.com/hbz.h-cdn.co/assets/15/16/hbz-insta-nomakeup-selfies-02.jpg
https://newsroom.unsw.edu.au/sites/default/files/styles/full_width/public/thumbnails/image/selfie_1.jpg?itok=cJBT6Qqj
https://cache.pakistantoday.com.pk/selfies.jpg
https://media.gq.com/photos/569fad0fcb97def0782244db/16:9/w_1280,c_limit/12407673_1690886651194005_242314399_n.jpg
https://timedotcom.files.wordpress.com/2014/02/selfie1.jpg
https://pbs.twimg.com/media/BH-JMIvCYAAy81D.jpg
https://images.vice.com/vice/images/articles/meta/2014/05/08/inappropriate-selfies-1413246621116.jpeg?crop=1xw:0.8430913348946136xh;center,center&resize=1200:*
https://s3-media1.fl.yelpcdn.com/bphoto/_PmaxZRF3v4Up-vSup6vTA/ls.jpg
https://static.boredpanda.com/blog/wp-content/uploads/2017/07/dad-recreates-daughter-selfie-cassie-martin-chris-martin-part2-12-5959f14845f19__605.jpg
https://www.oddee.com/wp-content/uploads/_media/imgs/articles2/a99327_dead-selfie_1-wire.jpg
https://www.girlscouts.org/content/dam/girlscouts-gsusa/images/content-hub/raising-girls/girls-and-selfie-editing-apps.jpg.transform/cq5dam.npd.hubHero/img.jpg
https://cdn.images.express.co.uk/img/dynamic/106/590x/selfies-624534.jpg
https://pixel.nymag.com/imgs/daily/selectall/2017/11/03/iphone-selfies/iphone-selfies-lede.nocrop.w710.h2147483647.jpg
https://realityi.com/wp-content/uploads/2014/10/Digital-Signage-Seflies-Superdrug-Reality-Interactive.jpg
https://www.creativelive.com/blog/wp-content/uploads/2014/09/tumblr_inline_n8z7dhqP9S1rvtvr9-464x620.jpg
https://hips.hearstapps.com/hmg-prod.s3.amazonaws.com/images/capture-d-e-cran-2017-10-24-a-3-11-48-pm-1508872503.png?crop=1xw:1xh;center,top&resize=480:*
https://static01.nyt.com/images/2016/10/10/t-magazine/10tmag-selfies-slide-XHSY/10tmag-selfies-slide-XHSY-superJumbo.jpg?quality=75&auto=webp&disable=upscale
https://images.techhive.com/images/article/2015/05/thelist-selfies-bathroom-selfie-100584117-large.jpg
https://cdn.theatlantic.com/assets/media/img/mt/2018/12/skinsmoothing/lead_720_405.png?mod=1545167246
https://www.taracousineau.com/wp-content/uploads/2013/06/Tara-Moxie-Mom-Selfie-Portrait-%C2%A9TCousineau-2013--300x300.jpg
https://assets.vogue.com/photos/5891ba7985b3959618475ebf/master/pass/01-vogue-editors-snapchat-selfies.jpg
https://www.imore.com/sites/imore.com/files/styles/xlarge/public/field/image/2017/11/portrait-selfies-best-tips-hero-01.jpg?itok=2nAatWtf
http://ichef.bbci.co.uk/news/976/cpsprodpb/6A82/production/_91966272_12-year-old-russian-schoolgirl-falls-to-her-death-1-1.jpg
https://thumbs.mic.com/Mjc0NDI1Yzk4MCMvRm1NOW5sZ2VJY2R2TjBGSXJqeGJ0Y3c4VkQ4PS8xM3gyNjoxMzMweDY5OC84MDB4NDUwL2ZpbHRlcnM6Zm9ybWF0KGpwZWcpOnF1YWxpdHkoODApL2h0dHBzOi8vczMuYW1hem9uYXdzLmNvbS9wb2xpY3ltaWMtaW1hZ2VzL2hhbjRqYm52d25lZnVneGY1Y3RjcmF1a2lzZnMwdXU5a3V5bXdneXlza2FuOHRjM3JmeHFuZnl4dWhzb3Y4bmwuanBn.jpg
https://media.vanityfair.com/photos/5ab53b043c92d870f9d02d05/master/w_768,c_limit/Elle-Fanning-selfie-Cannes.jpg
https://i.ytimg.com/vi/xLveUidxNM4/maxresdefault.jpg
https://mymodernmet.com/wp/wp-content/uploads/2019/01/selfie-portrait-paintings-classicool-dito-von-tease-4.png
http://www.pnas.org/content/pnas/113/34/9384/F1.large.jpg
http://scstylecaster.files.wordpress.com/2014/03/miranda-kerr-blew-kiss-her-fans-cute-selfie.jpg?resize=960%2C540
https://e3.365dm.com/18/06/768x432/skynews-beyonce-blue-instagram_4341651.jpg?20180621114629
https://i.dailymail.co.uk/i/pix/2014/03/20/article-2584390-1C70DA6200000578-811_634x896.jpg
https://peopledotcom.files.wordpress.com/2019/01/jennifer-lopez-3.jpg?w=768
https://media.allure.com/photos/5a9dadc4fa33382044c7da4c/16:9/w_1280,c_limit/selfies-distort-nose-image-study.jpg
https://www.gannett-cdn.com/-mm-/43a1a3523af941a87e3b16e3c278f5b2a05102a0/c=2-0-1022-576/local/-/media/2017/06/21/USATODAY/USATODAY/636336409269948637-AP-YE-86TH-ACADEMY-AWARDS-69181576.JPG?width=580&height=326&fit=crop
https://i2-prod.mirror.co.uk/incoming/article10315577.ece/ALTERNATES/s615/SUNDAYPEOPLE-PROD-30-4-2017-Selfie.jpg
https://s.abcnews.com/images/US/museum-of-selfies-infinity-box-6-gty-jt-180330_hpEmbed_8x5_992.jpg
https://petapixel.com/assets/uploads/2017/12/selfie2-800x533.jpg
https://edge.alluremedia.com.au/m/l/2013/11/Selfie.jpg
https://coresites-cdn.factorymedia.com/mpora_new/wp-content/uploads/2014/10/miley-cyrus-vegas-selfie.jpg
https://cdn.cnn.com/cnnnext/dam/assets/150209112826-selfies-eiffel-tower-super-169.jpg
https://cdn.dxomark.com/wp-content/uploads/medias/post-24708/Amadeus30cm_AppleiPhoneXSMax_DxOMark_Selfie_05-00-e1547129480310.jpg
https://www.gizmochina.com/wp-content/uploads/2018/03/xiaomi-redmi-note-5-cam-sample-1.jpg
https://cdn.fstoppers.com/styles/full/s3/media/2016/08/07/selfie-princeton-warp-lens-distortion.png
https://english.cdn.zeenews.com/sites/default/files/2019/03/13/769376-virushka.jpg
http://www.gentinettafilm.ch/selfies_files/gentinettafilm-selfies-05.jpg
https://www.timeshighereducation.com/sites/default/files/styles/the_breaking_news_image_style/public/selfie-with-camels.jpg?itok=rwAtvrRd
https://www.goskydive.com/wp-content/uploads/2018/03/PIC0038.jpg
https://mondrian.mashable.com/uploads%252Fcard%252Fimage%252F585199%252Ff78d29d3-b53d-495d-812f-8c12759fc039.jpg%252Foriginal.jpg?signature=1padPNGfwlJ75fIGHb3s1an8gwA=&source=https%3A%2F%2Fblueprint-api-production.s3.amazonaws.com
http://lifeclub.in/wp-content/uploads/2017/06/woman-taking-selfie.jpg
http://www.cyclepeter.com/wp-content/uploads/2015/02/2015-01-30-11.45.18-1-2-1050x700.jpg
https://www.wikihow.com/images/thumb/6/6c/User-Completed-Image-Take-Good-Selfies-2018.02.05-13.52.53.0.jpg/670px-User-Completed-Image-Take-Good-Selfies-2018.02.05-13.52.53.0.jpg
https://static01.nyt.com/images/2018/11/01/us/politics/00xp-voteselfie1/merlin_139074054_832ed837-b8ae-4c62-8d1d-046ede470acb-articleLarge.jpg?quality=75&auto=webp&disable=upscale
http://coveteur.com/wp-content/uploads/2015/02/Josephine_Skriver-The_Coveteur-Model_Selfies-03-728x724.jpg
http://www.clickphotographyworkshops.com/uploads/6/0/0/6/60069589/selfies-taken-wrong-time-06_1_orig.jpg
https://dailyburn.com/life/wp-content/uploads/2015/12/sweaty-selfies-2.jpg
https://pixel.nymag.com/imgs/daily/selectall/2017/11/03/iphone-selfies/iphone-selfies-3.nocrop.w710.h2147483647.jpg
https://static.businessinsider.com/image/5220a9586bb3f77514da2e45-750.jpg
https://www.mumslounge.com.au/wp-content/uploads/2016/09/selfies.jpg
https://static.independent.co.uk/s3fs-public/thumbnails/image/2016/09/28/11/selfie-istock.jpg?w968h681
https://images.techhive.com/images/article/2015/05/thelist-selfies-duckface-selfie-100584118-large.jpg
https://thechive.files.wordpress.com/2014/04/car-selfies-14.jpg?quality=85&strip=info&w=550
http://www.selfieresearchers.com/wp-content/uploads/2014/08/selfies_collage.jpeg
https://cdn.theatlantic.com/assets/media/img/mt/2018/03/RTX4Z3DR/lead_720_405.jpg?mod=1533691929
https://ichef.bbci.co.uk/news/624/cpsprodpb/1F53/production/_105191080_selfie4.jpg
https://images-na.ssl-images-amazon.com/images/I/91eYR7QLw8L.jpg
https://d5wt70d4gnm1t.cloudfront.net/media/a-s/articles/2677-222754663137/how-duchamp-kusama-basquait-and-others-take-a-selfie-27-contemporary-self-portraits-900x450-c.jpg
https://bestgoodcaptions.com/wp-content/uploads/2018/06/Best-Instagram-Captions-for-Selfies.jpeg
https://d31j74p4lpxrfp.cloudfront.net/sites/default/files/styles/wysiwyg/public/int_files/tourists_taking_a_photo_with_an_anaconda_in_the_amazon.jpg?itok=jLmUtjHH
https://cdn-images-1.medium.com/max/1200/1*ktNS4rtNnNcoHuxkoCdp-A.png
https://images.theconversation.com/files/112546/original/image-20160223-16464-ekcpa7.jpg?ixlib=rb-1.1.0&rect=0%2C280%2C4928%2C2390&q=45&auto=format&w=1356&h=668&fit=crop
http://ichef.bbci.co.uk/news/976/cpsprodpb/960B/production/_95411483_finnian_croy.jpg
https://c.ndtvimg.com/2019-04/u4lb5itg_rishi-kapoor-instagram_625x300_04_April_19.jpg
https://i0.wp.com/metro.co.uk/wp-content/uploads/2019/02/sei_50646373-1619.jpg?quality=90&strip=all&zoom=1&resize=644%2C454&ssl=1
https://i.kym-cdn.com/entries/icons/facebook/000/014/184/selfies.jpg
https://upload.wikimedia.org/wikipedia/commons/thumb/9/96/Bill_Nye%2C_Barack_Obama_and_Neil_deGrasse_Tyson_selfie_2014.jpg/220px-Bill_Nye%2C_Barack_Obama_and_Neil_deGrasse_Tyson_selfie_2014.jpg
https://thenypost.files.wordpress.com/2014/04/selfies2.jpg?quality=90&strip=all
https://i.dailymail.co.uk/i/pix/2015/02/17/2575766700000578-2957800-image-a-17_1424214689278.jpg
https://s23527.pcdn.co/wp-content/uploads/2019/04/group-selfie-745x497.jpg.optimal.jpg
https://s.abcnews.com/images/US/museum-of-selfies-mirror-3-rt-jt-180330_hpEmbed_3x2_992.jpg
https://i.ytimg.com/vi/prv0NQX-h9c/hqdefault.jpg
http://www.gentinettafilm.ch/selfies_files/gentinettafilm-selfies-02.jpg
http://www.fakingnews.firstpost.com/wp-content/uploads/2017/07/selfie-534x356.jpg
https://localtvwtvr.files.wordpress.com/2014/02/selfie10.jpg?quality=85&strip=all&w=720
https://store-images.s-microsoft.com/image/apps.12107.13510798887555434.4163cdd2-81bf-49ae-a96f-a9446a87f80d.ef8d6f37-dbb2-4271-99c9-4c7718287c56?mode=scale&q=90&h=720&w=1280
https://mymodernmet.com/wp/wp-content/uploads/2019/02/rankin-selfie-harm-7.jpg
https://www.imore.com/sites/imore.com/files/styles/xlarge/public/field/image/2017/11/portrait-selfies-best-tips-hero-03.jpg?itok=W3aru0J-
https://i2-prod.irishmirror.ie/incoming/article8015769.ece/ALTERNATES/s615/A-man-taking-a-selfie.jpg
https://www.nydailynews.com/resizer/slUz0UCRuUJ0BzNQ-JKWXuoqCrg=/fit-in/800x600/filters:fill(black)/arc-anglerfish-arc2-prod-tronc.s3.amazonaws.com/public/ND7XNZM6AVHMRLMWYPA6ABGNVI.jpg
https://hips.hearstapps.com/hbz.h-cdn.co/assets/15/20/hbz-kim-selfie-no-makeup.jpg
https://static.boredpanda.com/blog/wp-content/uploads/2015/12/funny-animal-selfies-allan-dixon-fb__700-png.jpg
https://i.ytimg.com/vi/WGVQRq5NCcY/maxresdefault.jpg
https://is5-ssl.mzstatic.com/image/thumb/Purple118/v4/9c/53/0b/9c530bf3-800c-ff37-f95a-2c56474dcda4/pr_source.png/643x0w.jpg
https://cdn.ebaumsworld.com/mediaFiles/picture/604025/85297410.png
https://pixel.nymag.com/imgs/daily/vulture/2014/01/24/magazine/24-selfies-9.w190.h190.2x.jpg
https://www.rd.com/wp-content/uploads/2016/11/07-Mind-Blowing-Facts-About-Selfies_women_532249624_Pekic.jpg
https://cdn.newsapi.com.au/image/v1/b2757f3e98b9638f0c8c03ef1eb7ad9d?width=650
https://peopledotcom.files.wordpress.com/2017/04/13166659_932299460201391_988673869_n.jpg?w=768
https://uploads.poplyft.com/wp-content/uploads/2017/09/25122434/1-29.png
https://www.postplanner.com/hs-fs/hub/513577/file-2910465985-jpg/blog-files/chris-brogan-selfie.jpg?width=300&height=300&name=chris-brogan-selfie.jpg
https://cdn0.tnwcdn.com/wp-content/blogs.dir/1/files/2018/03/people-2557410_1920-796x530.jpg
https://news.uci.edu/wp-content/uploads/2016/09/selfie_01_sz-768x512.jpg
https://buffer.com/resources/wp-content/uploads/2015/06/woman-on-bench-1024x683.jpg
https://i.guim.co.uk/img/media/37b880033517b659dfdb0a980d3a29ce6a268853/0_0_960_576/master/960.jpg?width=300&quality=85&auto=format&fit=max&s=b81e72c208c0ad34e160066625fe5a2a
https://www.hellomagazine.com/imagenes/royalty/2019032871416/royal-selfies-photos-meghan-markle-kate-middleton-the-queen/0-348-556/kate-selfie-m.jpg
https://static1.squarespace.com/static/568875aac21b8690d5b73b05/t/573a466045bf21ac383b4c95/1463436922082/
https://factordaily.com/wp-content/uploads/2017/05/shorthand/7985/30220/media/selfies-cp1-lr_odxwod7.jpg
https://www.thelocal.fr/userdata/images/1423580913_notredamedeparis.selfie.oleg.koloskov.instagram.jpg
http://rulesofnetiquette.com/wp-content/uploads/2013/08/Fotolia_52794659_XS.jpg
https://static1.squarespace.com/static/59413d96e6f2e1c6837c7ecd/t/5c3b41bd88251b8b3c69ac6e/1547301451743/Screen+Shot+2019-01-12+at+8.56.12+AM.png
https://cdn2.macworld.co.uk/cmsdata/features/3635062/how_to_unflip_camera_for_iphone_selfies_front_mirror.png
https://scstylecaster.files.wordpress.com/2017/06/jamie-chung-and-hannah-simone-pose-for-a-selfie.jpg
https://photos5.appleinsider.com/gallery/27933-42620-iPhone-XS-vs-XS-Max-Low-Light-Selfie-xl.jpg
https://img.etimg.com/thumb/msid-62964449,width-643,imgsize-34322,resizemode-4/graphic.jpg
https://img.buzzfeed.com/buzzfeed-static/static/2018-03/11/12/asset/buzzfeed-prod-fastlane-03/sub-buzz-32052-1520785982-7.png?downsize=700:*&output-format=auto&output-quality=auto
https://cdn-img.instyle.com/sites/default/files/images/2015/06/061115-zendaya-makeup-free-selfie.jpg
https://localtvwtvr.files.wordpress.com/2014/02/selfie04.jpg?quality=85&strip=all&w=480
https://www.socialsamosa.com/socialketchup/wp-content/uploads/2014/06/Mirror-Selfie..jpg
https://www.manrepeller.com/wp-content/uploads/2017/01/How-to-Take-a-Mirror-Selfie-Amelia-Man-Repeller-28-copy.jpg
https://www.trbimg.com/img-5a5eab13/turbine/ct-biz-google-art-selfies-20180116
https://media.collegetimes.com/uploads/2014/05/toilet-selfies-008-05232014.jpg
https://www.sanctuaryproject.eu/images/selfie.example.1-01.png
https://static01.nyt.com/images/2016/05/08/business/08selfies-gif/08selfies-gif-articleLarge-v2.gif?quality=90&auto=webp
https://i0.wp.com/imagesociale.fr/wp-content/uploads/mashable_selfies.jpg
https://www.flare.com/wp-content/uploads/2015/12/Selfies-backstage-Fendi.jpg
https://hyperallergic.com/wp-content/uploads/2013/06/AliciaEler-TargetSELFIE.jpg
https://cdn.cnn.com/cnnnext/dam/assets/131119093646-10-celeb-selfie-restricted-horizontal-large-gallery.jpg
https://media2.s-nbcnews.com/i/newscms/2014_33/614681/140812-hugo-selfie-1917_70d208a4cc80711e6139bebdeb051e17.jpg
https://s23527.pcdn.co/wp-content/uploads/2017/02/selfies-1920.jpg.optimal.jpg
https://i.pinimg.com/236x/05/5e/e2/055ee228077eaca0a460ebe9a1e1b7f8.jpg
https://i.huffpost.com/gen/1745498/thumbs/o-BABY-SELFIE-570.jpg
https://improvephotography.com/wp-content/uploads/2014/06/creativeSelfiesAd.jpg
https://www.imore.com/sites/imore.com/files/styles/xlarge/public/field/image/2017/11/iphone-x-portrait-selfie-hero.jpg?itok=ieHgFtrb
https://www.aviationcv.com/aviation-blog/wp-content/uploads/2015/01/AviationCVcom_crew_selfies.jpg
https://ichef.bbci.co.uk/images/ic/704xn/p0704ryd.jpg
https://i.ytimg.com/vi/A_aPgPq6hMM/maxresdefault.jpg
https://mymodernmet.com/wp/wp-content/uploads/2019/02/rankin-selfie-harm-10.jpg
https://www.thefest.com/wp-content/uploads/2015/01/BeatlesSELFIE.jpg
https://store-guides2.djicdn.com/guides/wp-content/uploads/2017/10/selfiefeature.jpg
https://s3.r29static.com//bin/entry/967/x,80/1357115/image.jpg
https://cdn.shopify.com/s/files/1/0244/9597/products/3_1338_Glam_0052_grande_b808a4ed-7b89-4be3-adc8-86cb548afc6c_1024x1024.jpg?v=1548886734
https://www.wikihow.com/images/thumb/8/88/Take-Good-Selfies-Step-12-Version-2.jpg/aid3341553-v4-728px-Take-Good-Selfies-Step-12-Version-2.jpg
https://hips.hearstapps.com/hmg-prod.s3.amazonaws.com/images/selfie-tips-1498679790.jpg
https://1673965826.rsc.cdn77.org/userfiles/guides/e/the-best-smartphones-for-selfies-2%20(1).jpg?v=0.1
https://cdn-7.nikon-cdn.com/Images/Learn-Explore/Photography-Techniques/2015/Selfie-self-portraits/Media/Selfie-D5500-remote-wireless-shot.low.jpg
https://i0.wp.com/www.healthline.com/hlcmsresource/images/3119_Cathleen_1296x728-header.jpg?w=1155
https://secure.i.telegraph.co.uk/multimedia/archive/03013/selfie_pods_founde_3013446b.jpg
http://en.es-static.us/upl/2018/08/NASA-selfie-app-DB-e1535188759486.jpg
http://cdn.iphonehacks.com/wp-content/uploads/2017/11/iPhone-X-Portrait-Mode-Portrait-Lighting-Selfies-4.png
https://cms.qz.com/wp-content/uploads/2017/10/rts1g3zc.jpg?quality=75&strip=all&w=410&h=231
https://kateahughes17.files.wordpress.com/2014/03/picmonkey-collage.jpg
https://upload.wikimedia.org/wikipedia/commons/3/3e/Bangladeshi_women_are_taking_Selfie_at_the_wedding_ceremony_%2801%29.jpg
https://cdn-img.instyle.com/sites/default/files/images/2014/GALLERY/071614-makeup-free-selfies-7-567_0.jpg
https://static.boredpanda.com/blog/wp-content/uploads/2016/08/roof-climbing-girl-dangerous-selfies-angela-nikolau-russia-1.jpg
https://i.guim.co.uk/img/static/sys-images/Guardian/Pix/pictures/2014/10/8/1412786672005/Danny-Green-007.jpg?width=700&quality=85&auto=format&fit=max&s=a86800e3a4887552ef47c80146235cbc
https://scd.observers.france24.com/files/dynimagecache/0/0/1440/808/1024/576/article_images/guinee-selfies-dechets.jpg
http://academyartunews.com/content/newspaper/2015/04/selfie_vs_self-port/_jcr_content/par/column_control/col_two/image.img.jpg/1428451475676.jpg
https://media.glamour.com/photos/59afeca58b383c35314fc8c5/master/w_400,c_limit/gabrielle-union-barefaced-selfie.jpg
https://runt-of-the-web.com/wordpress/wp-content/uploads/2016/04/terrible-selfies.jpg
https://i1.wp.com/www.gottabemobile.com/wp-content/uploads/2017/07/Best-Selfie-Apps-Camera.jpg?resize=740%2C438&ssl=1
https://cdn.mastersinpsychologyguide.com/uploads/image/image/14/psychologyselfie6001.JPG
http://www.quotidiendutourisme.com/wp/wp-content/uploads/2017/10/Humeur-selfie.jpg
https://cdn.cultofmac.com/wp-content/uploads/2018/09/XSselfieCamUpdate001-780x416.jpg
https://cdn.vox-cdn.com/thumbor/xMt3BeWgm3G6cM2_0PjSkIeB6UE=/0x0:1313x1026/1200x800/filters:focal(544x519:754x729)/cdn.vox-cdn.com/uploads/chorus_image/image/58351991/selfie_art_match_2.0.jpg
https://pixel.nymag.com/imgs/daily/vulture/2014/01/24/magazine/24-selfies-8.w190.h190.2x.jpg
https://s.abcnews.com/images/US/museum-of-selfies-statue-1-gty-jt-180330_hpMain_16x9_992.jpg
https://i.imgur.com/wvNaBbI.jpg
https://cdn.dxomark.com/wp-content/uploads/medias/post-24708/Bamboo_AppleiPhoneXSMax_DxOMark_Selfie_05-00-e1547228081961.jpg
https://cbsnews2.cbsistatic.com/hub/i/r/2017/06/12/eebdf827-b626-42c7-8ef9-bc48d46f7912/resize/620x465/ab9c37524cea88db86f731efe94b8a8c/18888706-1328134753921324-6281444542902173696-n.jpg
https://news.rutgers.edu/sites/medrel/files/inline-img/Selfie.png
https://cdn-images-1.medium.com/max/1200/0*HEx6QOAaSTL2X4-b.jpg
http://vivisxn.com/wp-content/uploads/2018/10/Selfies-can-kill-250-people-killed-themselves-taking-dangerous-selfies-Instagram-is-insane-and-lethal-VIVISXN-CULTURE-Selfie-Death-by-Train.gif
https://www.hellomagazine.com/imagenes/royalty/2019032871416/royal-selfies-photos-meghan-markle-kate-middleton-the-queen/0-348-545/meghan-a.jpg
https://cdn2.macworld.co.uk/cmsdata/features/3635062/how_to_flip_iphone_selfie_1200.jpg
https://i.pinimg.com/originals/d3/c4/e1/d3c4e17e359190fc2bcbeaf21f16f9d8.jpg
https://hips.hearstapps.com/hbz.h-cdn.co/assets/15/16/hbz-insta-nomakeup-selfies-01.jpg
http://karpathy.github.io/assets/selfie/celebs_grid_render.jpg
https://media.wnyc.org/i/800/0/h/85/1/sunset_selfie.jpg
https://myubcard.com/sites/myubcard/modules/suys/img/selfies/good01.jpg
https://d18lkz4dllo6v2.cloudfront.net/cumulus_uploads/entry/2018-08-21/LetMeTakeASelfie.jpg?pw=1200
https://3c1703fe8d.site.internapcdn.net/newman/csz/news/800/2018/whatanewstud.jpg
https://news.nationalgeographic.com/content/dam/news/photos/legacy-new/quokkaOG.ngsversion.1425788188704.adapt.1900.1.jpg
https://thenypost.files.wordpress.com/2014/04/mile-high-selfie2.jpg?quality=90&strip=all
http://tucmag.net/wp-content/uploads/2018/08/facts-about-selfies-1.jpg
https://assets.bwbx.io/images/users/iqjWHBFdfxIU/i1dsrniQcTQc/v0/1000x-1.jpg
https://static1.squarespace.com/static/59b57bcaf14aa14c97ba6c77/t/5c0c5f77352f532c26bef721/1544314775957/IMG_6305.jpeg?format=1000w
https://c.ndtvimg.com/2019-02/6o5gv7jo_selfie-with-slipper-kids-selfie-with-footwear_625x300_04_February_19.jpg
https://cdn-images-1.medium.com/max/1200/1*R_P-ct7-UlLjIfVdOvlShw.gif
https://cdn.vox-cdn.com/thumbor/SuzqyUGyBjMK24tUdEHubU-HrdY=/0x0:2000x1500/1200x0/filters:focal(0x0:2000x1500):no_upscale()/cdn.vox-cdn.com/uploads/chorus_asset/file/7352353/ballot_selfie.0.png
https://cdn.cultofmac.com/wp-content/uploads/2018/09/Screen-Shot-2018-09-13-at-2.13.42-PM-780x569.jpg
https://i.dailymail.co.uk/1s/2018/11/22/16/6523844-0-image-a-34_1542905196354.jpg
https://img.buzzfeed.com/buzzfeed-static/static/campaign_images/webdr06/2013/4/26/16/the-top-30-ricky-gervais-bathtub-selfies-1-17105-1367008201-9_big.jpg
https://cdn.psychologytoday.com/sites/default/files/field_blog_entry_images/Post37_Selfies.jpg
https://thechive.files.wordpress.com/2017/10/f35f510dd3874083affbc5a70e084de4-1.jpg?quality=85&strip=info&w=600
https://www.popsci.com/sites/popsci.com/files/styles/1000_1x_/public/images/2019/01/01-more.jpg?itok=T7W9AzGg&fc=50,50
https://www.abc.net.au/cm/lb/10051094/data/selfie-related-deaths-data.jpg
https://cdn-img.instyle.com/sites/default/files/images/2014/GALLERY/071614-makeup-free-selfies-1-567_0.jpg
https://images.techhive.com/images/article/2015/05/thelist-selfies-pacquiao-selfie-100584122-large.jpg
https://cms.qz.com/wp-content/uploads/2018/10/india-selfie-ban-e1538683776813.jpg?quality=75&strip=all&w=410&h=231
https://static.boredpanda.com/blog/wp-content/uploads/2015/12/funny-animal-selfies-allan-dixon-13.jpg
http://www.marketing-professionnel.fr/wp-content/uploads/2016/05/selfies-reseaux-sociaux-megalomanie-generation-communication-augmentee.jpg
https://d2skuhm0vrry40.cloudfront.net/2015/articles/1/8/6/8/9/9/5/watch-dogs-2-scoutx-locations-147938275803.jpg/EG11/resize/690x-1/quality/75/format/jpg
https://a4x7x4p6.stackpathcdn.com/wp-content/uploads/2017/02/Gain-More-Instagram-Followers-by-Posting-Selfies.jpg
https://i.ytimg.com/vi/KjKDXkIxXfE/maxresdefault.jpg
https://s3-media3.fl.yelpcdn.com/bphoto/ZZMF3xo1kw5VavbEPh0IQQ/348s.jpg
https://static01.nyt.com/images/2014/02/23/fashion/23UGLYSELFIES1/23UGLYSELFIES1-articleLarge-v2.jpg?quality=75&auto=webp&disable=upscale
https://cdn-image.travelandleisure.com/sites/default/files/styles/1600x1000/public/1549383965/Cliffs-Moher-County-Clare-Ireland-SELFIESIT0219.jpg?itok=GOeWhNqk
https://www.imore.com/sites/imore.com/files/styles/xlarge/public/field/image/2017/11/bad-selfie-high.jpg?itok=AA2b-XE2
https://cdn.cnn.com/cnnnext/dam/assets/131119093604-03-celeb-selfie-restricted-horizontal-large-gallery.jpg
http://apopka-1x1yusplq.stackpathdns.com/wp-content/uploads/2017/01/131120_DX_Selfie.jpg.CROP_.promo-mediumlarge.jpg
http://karpathy.github.io/assets/selfie/males.jpg
https://media0.giphy.com/media/IjApimXhcK8AU/giphy.gif
https://nageh.net/wp-content/uploads/2016/07/NaGeH-Selfies-Logo-21.jpg
https://cdn.mos.cms.futurecdn.net/493anYpLUAhVWaNTEPq2LY-320-80.jpg
https://cdn.vox-cdn.com/thumbor/G7u01S4woSLYxuylJQf4ENfDN4w=/0x0:2040x1360/1200x800/filters:focal(872x357:1198x683)/cdn.vox-cdn.com/uploads/chorus_image/image/59092665/akrales_180302_2337_0156.0.jpg
https://images.theconversation.com/files/253339/original/file-20190110-43535-1b9q2l9.jpg?ixlib=rb-1.1.0&rect=0%2C614%2C6033%2C3016&q=45&auto=format&w=668&h=324&fit=crop
https://cdn.mos.cms.futurecdn.net/TeMTjhZaFLdaNTKjyXeJPd.jpg
https://www.thoughtco.com/thmb/0m3KGYb3R3ThUJTV6F7EkzU536Y=/641x480/filters:no_upscale():max_bytes(150000):strip_icc()/ps-selfie-58b8c2863df78c353c1e0fb1.jpg
https://i.ytimg.com/vi/6wLv9F3tJB8/hqdefault.jpg
https://akns-images.eonline.com/eol_images/Entire_Site/2018520/rs_600x600-180620173029-600-kylie-jenner-mv-62018.jpg?fit=around|700:700&crop=700:700;center,top&output-quality=90
https://i.pinimg.com/236x/71/88/81/71888138d77b58451b3117a75b88b91b.jpg
http://cdn.iphonehacks.com/wp-content/uploads/2017/11/iPhone-X-Portrait-Mode-Portrait-Lighting-Selfies-7.png
https://hips.hearstapps.com/hbz.h-cdn.co/assets/15/16/hbz-insta-nomakeup-selfies-03.jpg
https://www.readersdigest.ca/wp-content/uploads/sites/14/2017/11/facts-about-selfies-9.jpg
https://www.esa.int/var/esa/storage/images/esa_multimedia/images/2018/10/bepicolombo_s_first_space_selfies/17829275-1-eng-GB/BepiColombo_s_first_space_selfies_node_full_image_2.jpg
https://assets.rebelcircus.com/blog/wp-content/uploads/2015/11/24_GymSelfies.jpg
https://www.postplanner.com/hs-fs/hub/513577/file-2910465950-jpg/blog-files/joel-comm-selfie.jpg?width=222&height=296&name=joel-comm-selfie.jpg
http://nomoi.hypotheses.org/files/2017/01/Fig.3_Iwanttobreathe.jpg
https://upload.wikimedia.org/wikipedia/commons/0/0a/Selfie_with_both_phone_camera_and_DSLR_camera.jpg
http://static.dnaindia.com/sites/default/files/2014/10/11/274038-abhishek-wishes-father-instagram-credit.jpg
https://s4.scoopwhoop.com/anj/Photo/348755862.jpg
https://www.budsies.com/media/gene-bluefoot/l/o/look-alike-dolls-from-photo.png
https://cdn.mos.cms.futurecdn.net/yf7XhWiTzhHkPbVLoqhuvc-320-80.jpg
https://secure.i.telegraph.co.uk/multimedia/archive/02738/selfie-summary_2738882k.jpg
https://www.gannett-cdn.com/presto/2018/10/03/USAT/649898cd-6f1d-4454-a518-dbcadcac34eb-Screen_Shot_2018-10-03_at_2.24.36_PM.png
https://www.wikihow.com/images/thumb/7/75/Take-Good-Selfies-Step-2-Version-2.jpg/aid3341553-v4-728px-Take-Good-Selfies-Step-2-Version-2.jpg
https://petapixel.com/assets/uploads/2018/11/Photo-24-08-2017-10-10-56-1-800x534.jpg
https://icdn2.digitaltrends.com/image/screen-shot-2016-06-30-at-10-05-45-am-720x720.png?ver=1.jpg
http://www.gentinettafilm.ch/selfies_files/gentinettafilm-selfies-03.jpg
https://timedotcom.files.wordpress.com/2014/08/feminist_selfie4.jpg
https://www.nationalgeographic.com/content/dam/animals/2019/03/dangerous-animal-selfies/og-dangerous-animals-selfies-zoos_fraus_jmcarthur_2016-8635.ngsversion.1552420800646.adapt.1900.1.jpg
https://i.guim.co.uk/img/static/sys-images/Guardian/About/General/2014/3/13/1394733109479/Selfies---Manila-3-011.jpg?width=700&quality=85&auto=format&fit=max&s=c98ce8d79e01a82de30599385b0482b3
https://buffer.com/resources/wp-content/uploads/2015/06/love-my-curls-photos.png
https://s27922.pcdn.co/wp-content/uploads/2018/09/TRAVEL-SELFIES-TIPS.png
https://news.artnet.com/app/news-upload/2015/12/DSCN5357.jpg
https://manrepeller-wpengine.netdna-ssl.com/wp-content/uploads/2017/12/Leandra-Month-of-Mirror-Selfies-Feature-Man-Repeller-December-2017-2541.jpg
https://baycat.org/wp-content/uploads/2017/11/image2-photo-of-selfie-pereira-odell-1-720x321.jpeg
https://projects-static.raspberrypi.org/projects/minecraft-selfies/1ada2372088515811c63263ef3589ccf26509506/en/images/banner.png
https://media.wired.com/photos/59326f5958b0d64bb35d19cd/4:3/w_1200,c_limit/selfies-demo-newyork-fix.jpg
https://cdn.macrumors.com/article-new/2018/09/iphonexsmaxskinsmoothing.jpg
https://assets.pcmag.com/media/images/532970-meitu-selfie.jpg?thumb=y
https://www.natcom.org/sites/default/files/styles/scale_w300/public/cm-current/2017_CommCurrents_Selfies_1.png?itok=1j57a6tq
https://improvephotography.com/wp-content/uploads/2014/06/JIM00131.jpg
https://i1.wp.com/laughingsquid.com/wp-content/uploads/2014/10/donut-selfie-a-new-technique-for.jpg?resize=640%2C360&ssl=1
https://hips.hearstapps.com/hmg-prod.s3.amazonaws.com/images/selfies-1515530229.jpg?crop=1.00xw:1.00xh;0,0&resize=300:*
https://blogmedia.evbstatic.com/wp-content/uploads/rally-legacy/2018/09/25051431/The-Museum-of-Selfies.jpg
http://belfiestick.com/img/bf_header.jpg
https://s3-media1.fl.yelpcdn.com/bphoto/dH_cpfXiolPZRxYEqcsyRA/ls.jpg
https://pixel.nymag.com/imgs/daily/selectall/2017/11/03/iphone-selfies/iphone-selfies-1.nocrop.w710.h2147483647.jpg
https://www.jpl.nasa.gov/images/spitzer/20180822vr/Catstronaut1-16.jpg
https://hitfull.com/uploads/files/article/images/Extreme-Selfies-rdfrt-2.jpg
http://sciencenordic.com/sites/default/files/imagecache/620x/shutterstock_383935711.jpg
https://cdn-img.instyle.com/sites/default/files/styles/684xflex/public/images/2014/GALLERY/071614-makeup-free-selfies-9-567_0.jpg?itok=4VP4dt4a
https://mymodernmet.com/wp/wp-content/uploads/2019/02/rankin-selfie-harm-12.jpg
https://static.independent.co.uk/s3fs-public/thumbnails/image/2017/11/15/14/theresa-may-selfie.jpg?w968h681
https://s3.r29static.com//bin/entry/f6e/x/1587973/image.png
https://static1.squarespace.com/static/58297336c534a550aa00672c/t/5ac1a85670a6ad85f4dcc330/1527875520373/bathroom+selfie.png
https://static01.nyt.com/images/2014/07/10/fashion/10GLAMSELFIE/10zGLAMSELFIE-articleLarge.jpg?quality=75&auto=webp&disable=upscale
http://hyperallergic.com/wp-content/uploads/2015/03/selfie-museum-6.jpg
https://media.npr.org/assets/img/2015/07/27/molly-soda-selfies_custom-52331f7bf885ec5eae88f5bc63b627569a5b0cc7-s800-c85.jpg
https://localtvwtvr.files.wordpress.com/2014/02/selfie.jpg?quality=85&strip=all&w=719
https://ichef.bbci.co.uk/news/660/cpsprodpb/0DFC/production/_103708530_selfie976.jpg
https://s4.scoopwhoop.com/anj/Photo/871636072.jpg
http://d25rsf93iwlmgu.cloudfront.net/data/grids/posegrid_bangkok_.jpg
https://i.dailymail.co.uk/i/pix/2015/04/24/13/27C6C9E600000578-3053822-Over_half_said_they_take_selfies_all_the_time_with_the_average_s-a-105_1429880088678.jpg
https://thechive.files.wordpress.com/2017/10/9edcb780554ba83f3e0a327ea89bb2d0_width-600.jpg?quality=85&strip=info&w=600
https://cdn.cnn.com/cnnnext/dam/assets/131119094333-11-celeb-selfie-restricted-horizontal-large-gallery.jpg
https://hips.hearstapps.com/hbz.h-cdn.co/assets/15/16/hbz-insta-nomakeup-selfies-05.jpg
http://www.guinnessworldrecords.com/Images/SanAndreas-Dwayne-Johnson-TheRock-selfies-record-headline_tcm25-379466.jpg
http://karpathy.github.io/assets/selfie/crops1.jpg
http://getsokt.com/wp-content/uploads/2016/11/1-best-selfies-onlie-74-sAdkuGY.jpg
https://s.abcnews.com/images/US/museum-of-selfies-with-statue-7-rt-jt-180330_hpEmbed_7x5_992.jpg
https://upload.wikimedia.org/wikipedia/commons/thumb/7/72/Aix-en-Provence-FR-13-cours_Mirabeau-femme_au_smartphone-01.jpg/255px-Aix-en-Provence-FR-13-cours_Mirabeau-femme_au_smartphone-01.jpg
https://i.ytimg.com/vi/PzwdRjh0o-o/hqdefault.jpg
https://cdn.vox-cdn.com/thumbor/4vZx1QIsoY4Ia_yB8_SCW9M2jKc=/0x0:2028x1352/1200x800/filters:focal(577x705:901x1029)/cdn.vox-cdn.com/uploads/chorus_image/image/56656973/Screen_Shot_2017_09_13_at_8.31.35_AM.0.jpg
http://www.gentinettafilm.ch/selfies_files/gentinettafilm-selfies-04.jpg
https://www.freshnrebel.com/wp-content/uploads/fnr-ss-wirelessselfiestick-bl-1-1.jpg
https://amp.businessinsider.com/images/5220a89069beddd31dcc5b92-750-553.jpg
https://petapixel.com/assets/uploads/2018/11/museumofselfiesfeat.jpg
http://cdn2.ubergizmo.com/wp-content/uploads/2015/05/girl-selfie.jpg
https://cdn.psychologytoday.com/files/imagecache/article-inline-half/amanda-bynes-iselfie.jpg
https://images.techhive.com/images/article/2015/05/thelist-selfies-same1-selfie-100584127-large.jpg
https://timedotcom.files.wordpress.com/2016/09/hillary-clinton-epic-group-selfie.jpg
https://i.imgur.com/lBZuq1r.jpg
https://cdn.theatlantic.com/assets/media/img/mt/2013/11/selfie/thumb_wide_300.jpg?mod=1430162281
https://chartable-images.edapps.nile.works/chartable/5810d129e03c210015bf9dd6/2300.jpg?v=1541451160.372751
https://www.mensjournal.com/wp-content/uploads/mf/chris_pratt-selfies-main.jpg?w=1200
https://i.guim.co.uk/img/media/c9cf70441b9f0cb1d96c494a064ba71965aa2fe4/698_420_6627_3979/master/6627.jpg?width=300&quality=85&auto=format&fit=max&s=c93c147701cf1c7f5fe6d7ff633f5bec
https://peopledotcom.files.wordpress.com/2016/08/pope-selfie-600x450-2.jpg?w=600
https://cdn-images-1.medium.com/max/1200/1*9CpfXLSSuWP0smgcpFpRuQ.jpeg
http://d3ofp6qdaruccr.cloudfront.net/uploads/Selfie_Narcissism-Infographic-20151222-02.jpg
https://i.pinimg.com/originals/92/5f/28/925f283d3f2e304214553ef5bd5b2d90.jpg
https://cdn-images-1.medium.com/max/800/1*WGxmaQS9Pn8CXrYdzC8_jg.jpeg
http://cyber-breeze.com/wp-content/uploads/2017/02/hilarious-selfie-fails3.jpg
https://manrepeller-wpengine.netdna-ssl.com/wp-content/uploads/2017/01/Mirror-Selfie-How-To-Amelia-Man-Repeller_6865.jpg
https://images.complex.com/complex/images/c_limit,w_680/fl_lossy,pg_1,q_auto/su2mndpnmybbsmhpgafb/types-of-selfies
https://icdn2.digitaltrends.com/image/treat-yo-selfie.jpg
https://img.purch.com/w/660/aHR0cDovL3d3dy5saXZlc2NpZW5jZS5jb20vaW1hZ2VzL2kvMDAwLzEwNC82ODAvb3JpZ2luYWwvYmxhY2stamFndWFyLmpwZw==
https://cdn-image.travelandleisure.com/sites/default/files/styles/1600x1000/public/1505154312/pilotganso-photoshop-instagram-pilot-PILOTSELFIES0917.jpg?itok=xg_asflb
https://ichef.bbci.co.uk/news/624/cpsprodpb/14923/production/_98795248_ebe58e0a-fed4-440b-a4ef-0472f49542c6.jpg
https://pixel.nymag.com/imgs/daily/vulture/2014/01/24/magazine/24-selfies-6.w190.h190.jpg
http://fabmagazineonline.com/wp-content/uploads/2013/11/Selfie-Screenshots.jpg
https://thumbs-prod.si-cdn.com/wdWMrEMclvHb4-rIA9nSk8Fxt1c=/800x600/filters:no_upscale()/https://public-media.si-cdn.com/filer/bc/bc/bcbc3599-e3c8-43b4-b740-b252e9990c0a/blurred2.jpg
https://www.mensjournal.com/wp-content/uploads/mf/miles-teller-selfie.jpg
https://static01.nyt.com/images/2015/01/05/business/05jpcarr/05jpcarr-articleLarge.jpg?quality=75&auto=webp&disable=upscale
https://media.allure.com/photos/5b242ebd555359139be7de34/master/w_1600,c_limit/selfie-tips-beauty-unfiltered-take-photos.gif
https://cdn.lifehack.org/wp-content/uploads/2015/01/selfie-489119_1280.jpg
https://media.tenor.com/images/5641ce40915e0e1e43d6668e3eab87f3/tenor.gif
https://www.wikihow.com/images/thumb/d/de/Take-Good-Selfies-Step-1-Version-2.jpg/aid3341553-v4-728px-Take-Good-Selfies-Step-1-Version-2.jpg
https://www.gannett-cdn.com/-mm-/7713f9c9b6288b670583290f2c27d580ce5f65ce/c=0-214-2385-1561/local/-/media/2015/09/23/USATODAY/USATODAY/635786107125933217-ThinkstockPhotos-477586286.jpg?width=3200&height=1680&fit=crop
https://cdn-img.instyle.com/sites/default/files/styles/684xflex/public/images/2014/GALLERY/071614-makeup-free-selfies-4-567_0.jpg?itok=BON6uP_O
https://www.imore.com/sites/imore.com/files/styles/xlarge/public/field/image/2016/09/iphone-6-selfie-lowlight_0.jpg?itok=jCMzQz8Y
https://cdn2.macworld.co.uk/cmsdata/slideshow/3597788/best_selfie_sticks_iphone_thumb800.jpg
https://assets.vogue.com/photos/5891562a4fe1526113021697/master/pass/bathroom-selfie-lily-aldridge.jpg
http://media.dosed.in/SelfieWithAnimals/SelfieWithAnimals7.jpg
http://cdn.osxdaily.com/wp-content/uploads/2015/12/find-all-selfies-taken-iphone-photos-album.png
https://petapixel.com/assets/uploads/2018/11/Photo-24-08-2017-10-44-55-605x800.jpg
https://images.techhive.com/images/article/2015/05/thelist-selfies-extreme-selfie-100584119-large.jpg
https://hips.hearstapps.com/hbz.h-cdn.co/assets/15/16/hbz-insta-nomakeup-selfies-04.jpg
https://lh5.googleusercontent.com/Ef-KN4OwYsnT3ETerHEV0KAQ-K-J00hVduSNoxpPIblLjuzm77bASl2VVZOIWhYOjKUSQBGC_u1yiH-PfdCIoVermX47P8uYnLspqqoK-XWkMSWQoGPG9D7IPkSz4-PeR497C4zG
https://nageh.net/wp-content/uploads/2016/07/NaGeH-Selfies-Logo-19.jpg
https://cdn.cnn.com/cnnnext/dam/assets/130910153110-girl-in-bikini-story-top.jpg
https://runt-of-the-web.com/wordpress/wp-content/uploads/2016/04/terrible-selfies-with-the-police.jpg
https://i.ytimg.com/vi/5nXKwhBiUmc/maxresdefault.jpg
http://hyperallergic.com/wp-content/uploads/2013/06/Selfie-screenshot.jpg
https://storage.googleapis.com/thehundreds/media/2014/04/NMSS-009.jpg
https://media.wmagazine.com/photos/5b80511c68cd0c1419a42b78/4:3/w_1536/38439873_1998447393538978_4109555335948140544_n.jpg
https://i.guim.co.uk/img/static/sys-images/Guardian/Pix/pictures/2014/8/15/1408119421982/Zoe-Williams-poses-in-fro-009.jpg?width=300&quality=85&auto=format&fit=max&s=a98ec6176f121d00183a898fa69b4f46
https://d31j74p4lpxrfp.cloudfront.net/sites/default/files/styles/wysiwyg/public/int_files/selfie_code_0.jpg?itok=_ZTjoKZ7
https://loanofficerhub.com/wp-content/uploads/2018/06/5-Tips-for-Taking-Better-Selfies-with-a-Selfie-Stick-fb.jpg
https://buffer.com/resources/wp-content/uploads/2015/06/1888-hotel.png
https://static.boredpanda.com/blog/wp-content/uploads/2015/12/funny-animal-selfies-allan-dixon-12.jpg
https://cdn.vox-cdn.com/thumbor/PdEKXNZNqBS1Xz3LVB8LsNedUKU=/0x0:2040x1360/1200x800/filters:focal(857x517:1183x843)/cdn.vox-cdn.com/uploads/chorus_image/image/58866089/akrales_170119_1401_A_0031.0.0.jpg
https://upload.wikimedia.org/wikipedia/commons/thumb/7/72/Matteo_Renzi_Bologna_2017.jpg/220px-Matteo_Renzi_Bologna_2017.jpg
http://www.getaway.co.za/wp-content/uploads/2018/10/Explorers-have-taken-the-ultimate-extreme-photos-volcano-selfies-TwitterGeorge-Kourounis.jpg
https://cdn-images-1.medium.com/max/1200/1*CII2lTAc6kYeguamxOXAJg.jpeg
https://images.theconversation.com/files/146294/original/image-20161116-13506-1s3zd3c.png?ixlib=rb-1.1.0&q=45&auto=format&w=1000&fit=clip
https://pixel.nymag.com/imgs/daily/vulture/2014/01/24/magazine/24-selfies-1.w330.h412.jpg
https://hips.hearstapps.com/hmg-prod.s3.amazonaws.com/images/17-story-bestcaptionsavage-1539633522.jpg?crop=1xw:1xh;center,top&resize=480:*
https://www.worldofbuzz.com/wp-content/uploads/2018/08/you-can-now-visit-malaysias-first-selfie-museum-in-kl-starting-31-august-2018-world-of-buzz.jpg
https://store-guides2.djicdn.com/guides/wp-content/uploads/2018/02/Mavic-Air-1024x611.png
http://videos.usatoday.net/Brightcove2/29906170001/2015/09/29906170001_4501613796001_thumb-Buzz60video1441611925362998896.jpg
https://static.independent.co.uk/s3fs-public/thumbnails/image/2017/04/11/17/george-kourounis-at-benbows-lava-lake.jpg?w968h681
https://static01.nyt.com/images/2017/08/31/style/31METIME-1/31METIME-1-articleLarge.jpg?quality=75&auto=webp&disable=upscale
https://www.imore.com/sites/imore.com/files/styles/xlarge/public/field/image/2016/09/iphone-6s-selfie-lowlight_0.jpg?itok=xS37JoP7
http://i.hurimg.com/i/hdn/75/0x0/5ac34c5067b0a923e0c8adc7.jpg
https://timedotcom.files.wordpress.com/2014/03/selfies.jpg?quality=85
https://lh4.googleusercontent.com/LegkKYwp7V3rOR6X5ui0nExH5J1E3Zy1hj4z1o5odnAXFgxgyH6ZnKTMELqoAGU1pDVPFislde_4mmKL4iqmIsqzQqA66WYFceBiND6s7tzGEetd949A2aiFKpDpwA
https://ichef.bbci.co.uk/news/624/cpsprodpb/8B44/production/_98725653_selfie-7.jpg
https://cdn.cnn.com/cnnnext/dam/assets/131125172045-brooke-baldwin-the-positives-of-selfies-wallace-00002001-horizontal-large-gallery.jpg
https://cdn.vox-cdn.com/thumbor/tZURuq0Q8yESjeoyAZY_SOsWc9o=/0x0:1920x1280/1200x675/filters:focal(807x487:1113x793):no_upscale()/cdn.vox-cdn.com/uploads/chorus_image/image/61383119/Male_selfie_final.0.gif
https://s23527.pcdn.co/wp-content/uploads/2017/02/first-selfie2.jpg.optimal.jpg
https://i.pinimg.com/236x/76/d4/80/76d4809c395a011f3dec388dbb65f06a.jpg
https://runt-of-the-web.com/wordpress/wp-content/uploads/2016/04/bye-england-bad-selfies.jpg
https://is5-ssl.mzstatic.com/image/thumb/Purple49/v4/43/d6/d8/43d6d8a6-99f9-f056-9936-561a3568102e/pr_source.png/300x0w.jpg
https://www.nydailynews.com/resizer/t0ek78nuIarPnxDeLggrCmUZl60=/1200x0/www.trbimg.com/img-5ca4e3b0/turbine/nydn-entertainment-best-selfies-time-1-1522211
https://i.dailymail.co.uk/i/pix/2014/04/02/article-2593943-1CBC032C00000578-636_634x636.jpg
https://economictimes.indiatimes.com/img/62964577/Master.jpg
https://hyperallergic.com/wp-content/uploads/2013/11/ThomasBlair_selfie.jpg
https://icdn2.digitaltrends.com/image/apple-iphone-x-21-1500x1000.jpg
https://i.huffpost.com/gen/1745314/thumbs/o-DAREDEVIL-570.jpg
https://secure.i.telegraph.co.uk/multimedia/archive/02839/selfies_2839624b.jpg
https://i.ytimg.com/vi/waiTgRHCtPk/hqdefault.jpg
http://www.gentinettafilm.ch/selfies_files/gentinettafilm-selfies-07.jpg
https://cdn-img.instyle.com/sites/default/files/images/2014/GALLERY/071614-makeup-free-selfies-12-567_0.jpg
https://www.wikihow.com/images/thumb/b/be/Take-Good-Selfies-Step-9-Version-2.jpg/aid3341553-v4-728px-Take-Good-Selfies-Step-9-Version-2.jpg
https://maccablo.com/wp-content/uploads/2017/10/B612.jpg
https://images.boredomfiles.com/wp-content/uploads/2015/02/25-animal-selfies.jpg
https://www.imore.com/sites/imore.com/files/styles/xlarge/public/field/image/2016/09/iphone-7-selfie-lowlight_0.jpg?itok=c4RiyIKU
https://wp.zillowstatic.com/streeteasy/2/high-line-selfie-bf6ee0-1024x768.jpg
https://timewellness.files.wordpress.com/2013/09/178672835-copy.jpg?w=720&h=480&crop=1
https://buffer.com/resources/wp-content/uploads/2015/06/museum-selfie-day-photos.png
https://upload.wikimedia.org/wikipedia/commons/thumb/8/81/Tourist_taking_selfie_with_stick_atop_Pyramid_of_the_Sun%2C_Teotihuac%C3%A1n.jpg/1200px-Tourist_taking_selfie_with_stick_atop_Pyramid_of_the_Sun%2C_Teotihuac%C3%A1n.jpg
https://missingtricks.net/wp-content/uploads/2016/05/selfie-captions-1024x512.jpg
https://resources.stuff.co.nz/content/dam/images/1/h/i/b/6/6/image.related.StuffLandscapeSixteenByNine.710x400.1hi9ua.png/1488230773446.jpg
https://www.webcoursesbangkok.com/wp-content/uploads/2015/11/selfie-feature.jpg
https://andytips.org/wp-content/uploads/2016/10/Selfie-Camera-Expert-selfie-app.png
https://i.pinimg.com/236x/b4/95/16/b49516d1b00c66ee80bed4adeda38f19.jpg?b=t
https://nordic.businessinsider.com/contentassets/3810e88b60ab4d6d99ccbe28bd5c46ee/5bad37c9ea4002ce138b456e.jpg?preset=article-image
https://i.dailymail.co.uk/i/pix/2014/04/02/article-2593943-1CBC032800000578-637_634x638.jpg
https://cdn.cnn.com/cnnnext/dam/assets/131119094415-18-celeb-selfie-restricted-horizontal-large-gallery.jpg
https://s.abcnews.com/images/US/museum-of-selfies-van-gogh-room-8-rt-jt-180330_hpEmbed_3x2_992.jpg
https://s3.amazonaws.com/theoatmeal-img/comics/selfies/1.png
https://pixel.nymag.com/imgs/daily/vulture/2014/01/24/magazine/24-selfies-14.w190.h190.2x.jpg
https://petapixel.com/assets/uploads/2018/11/Photo-24-08-2017-10-07-26-800x534.jpg
https://img.gadgethacks.com/img/02/36/63652922825838/0/snapchat-101-use-your-selfies-create-bitmoji-deluxe.w1456.jpg
https://lh3.googleusercontent.com/uZ68bUe09UoCInzACvbQzwknARD753ysSlBk11IPfRg1WEYEIAaGaTH_zVa6WzAUK8k
https://s3-media3.fl.yelpcdn.com/bphoto/iJsfu1WyW9PQgNBx6LcB9Q/ls.jpg
https://www.wikihow.com/images/thumb/1/1c/Take-Good-Selfies-Step-15-Version-2.jpg/aid3341553-v4-728px-Take-Good-Selfies-Step-15-Version-2.jpg
https://i.huffpost.com/gen/1726584/thumbs/o-BULL-RUN-SELFIE-570.jpg
https://s23527.pcdn.co/wp-content/uploads/2017/02/first-selfie1.jpg.optimal.jpg
https://cdn.psychologytoday.com/sites/default/files/field_blog_entry_images/2018-08/pexelsselfie.jpg
https://mondrian.mashable.com/uploads%252Fcard%252Fimage%252F680862%252Fe7e4c103-c649-4c66-8343-4287cf4ba036.jpg%252Ffit-in__1200x9600.jpg?signature=AUoEbuUV5onS1ltX5Rp4ckGOWng=&source=https%3A%2F%2Fblueprint-api-production.s3.amazonaws.com
https://cdn-images-1.medium.com/max/800/1*XL-jKuNJ6R6aK6IYX4KhEQ.jpeg
https://buffer.com/resources/wp-content/uploads/2015/06/better-selfies.png
https://ichef.bbci.co.uk/news/660/cpsprodpb/23ED/production/_100579190_gettyimages-899204746.jpg
https://runt-of-the-web.com/wordpress/wp-content/uploads/2013/10/sexy-selfies-fail.jpg
https://i.pinimg.com/originals/5d/fd/bc/5dfdbcc9a65c2ce6dccd052533af0c11.jpg
https://static01.nyt.com/images/2013/10/20/sunday-review/20SELFIES/20SELFIES-articleLarge.jpg?quality=75&auto=webp&disable=upscale
https://pixel.nymag.com/imgs/daily/vulture/2014/01/24/magazine/24-selfies-4.w245.h368.2x.jpg
https://www.imore.com/sites/imore.com/files/styles/xlarge/public/field/image/2016/09/iphone-6s-selfie-indoors_0.jpg?itok=oFVoyTpj
http://mymodernmet.com/wp/wp-content/uploads/2017/01/animal-selfies-1.jpg
https://images.theconversation.com/files/116281/original/image-20160323-28209-1txlo79.jpg?ixlib=rb-1.1.0&q=45&auto=format&w=1012&h=668&fit=crop
https://img.buzzfeed.com/buzzfeed-static/static/2017-05/31/11/asset/buzzfeed-prod-fastlane-03/sub-buzz-23220-1496244008-1.png?downsize=700:*&output-format=auto&output-quality=auto
https://i.dailymail.co.uk/i/pix/2014/04/02/article-2593943-1CBC033800000578-943_634x630.jpg
https://mondrian.mashable.com/wp-content%252Fuploads%252F2015%252F09%252FScreen-Shot-2015-09-21-at-4.13.14-PM-1.jpg%252Ffit-in__1200x9600.jpg?signature=XopyUGAD3CMMyNC1P6kFs3TCE8c=&source=http%3A%2F%2Fmashable.com
https://steemitimages.com/DQmXwxDEJUijMvPrxZz2aAsPWUUF9mmR4uahpgUPWs3n84z/portadaself.jpg
https://buffer.com/resources/wp-content/uploads/2015/06/selfie-uses.png
https://petapixel.com/assets/uploads/2018/11/Photo-24-08-2017-10-23-47-800x534.jpg
https://www.imore.com/sites/imore.com/files/styles/xlarge/public/field/image/2016/09/iphone-7-selfie-indoors_0.jpg?itok=oHu-Q1Ym
https://www.wikihow.com/images/thumb/2/29/Take-Good-Selfies-Step-16.jpg/aid3341553-v4-728px-Take-Good-Selfies-Step-16.jpg
https://cdn.cnn.com/cnnnext/dam/assets/150211161122-selfie-sticks-2-super-169.jpg
https://i.pinimg.com/236x/8a/09/54/8a09544a8f49e30cbcc90dc53e8f772d.jpg
https://www.thoughtco.com/thmb/l2-_4U8x3PaHijBbyb-7CtjUgSU=/640x636/filters:no_upscale():max_bytes(150000):strip_icc()/madonna-selfie-58b8bffc5f9b58af5c85db86.png
https://i.guim.co.uk/img/static/sys-images/Guardian/About/General/2013/12/11/1386756216690/Barack-Obama-selfie-008.jpg?width=300&quality=85&auto=format&fit=max&s=80322e9f036f2703d475b6fa99c3458b
https://static01.nyt.com/images/2015/02/15/us/15SELFIEjp/15SELFIEjp-facebookJumbo.jpg
https://static.twentytwowords.com/wp-content/uploads/selfie11.jpg
https://static.adweek.com/adweek.com-prod/wp-content/uploads/sites/2/2016/12/FamilySelfie.jpg
https://i.dailymail.co.uk/i/pix/2016/07/14/13/364453B300000578-0-image-a-1_1468498612806.jpg
https://i.ytimg.com/vi/4V1ggCUIcXY/maxresdefault.jpg
https://static.boredpanda.com/blog/wp-content/uploads/2017/02/funny-selfie-background-reflection-fails-72-589b13a3b3a67__605.jpg
https://www.wikihow.com/images/thumb/8/86/Take-Good-Selfies-Step-14-Version-2.jpg/aid3341553-v4-728px-Take-Good-Selfies-Step-14-Version-2.jpg
https://cdn.cnn.com/cnnnext/dam/assets/150601173808-selfie-overload-lisas-desk-orig-nws-00002220-large-169.jpg
https://buffer.com/resources/wp-content/uploads/2015/06/psychology-of-selfies.png
https://ichef.bbci.co.uk/news/660/media/images/79843000/jpg/_79843267_selfiestck.jpg
https://cdn-images-1.medium.com/max/1200/1*ZcKp3RuhTVtBMsUCGK0z4g.png
https://i.pinimg.com/564x/ee/35/a6/ee35a6b402456b4c8a425c578b56f73c.jpg
https://images.techhive.com/images/article/2015/05/thelist-selfies-pet-selfie2-100584124-large.jpg
https://petapixel.com/assets/uploads/2018/11/Photo-24-08-2017-10-11-56-800x534.jpg
https://s3.amazonaws.com/theoatmeal-img/thumbnails/selfies_big.png
https://media.wmagazine.com/photos/5b2d5146464f0176adc733ec/2:3/w_640/28154552_1965201323745564_5790981611528912896_n.jpg
https://www.wikihow.com/images/thumb/9/9c/Take-Good-Selfies-Step-4-Version-2.jpg/aid3341553-v4-728px-Take-Good-Selfies-Step-4-Version-2.jpg
http://i43.tinypic.com/2naqo13.jpg
https://ichef.bbci.co.uk/news/976/cpsprodpb/11D9E/production/_92481137_extremeselfie976.jpg
https://buffer.com/resources/wp-content/uploads/2015/06/MTI5MDIzODQzOTEzMjEwMzM0.jpg
https://i.dailymail.co.uk/i/pix/2016/07/14/13/3644459200000578-0-image-a-22_1468498715242.jpg
https://images.boredomfiles.com/wp-content/uploads/2015/02/01-animal-selfies.jpg
https://static.boredpanda.com/blog/wp-content/uploads/2016/06/dad-recreates-daughter-selfies-cassie-martin-chris-martin-fb__700-png.jpg
https://assets.rebelcircus.com/blog/wp-content/uploads/2015/11/627.jpg
https://pixel.nymag.com/imgs/daily/vulture/2014/01/24/magazine/24-selfies-12.w190.h190.2x.jpg
https://www.mensjournal.com/wp-content/uploads/mf/shirtless-celeb-selfies-bieber.jpg
https://cdn-images-1.medium.com/max/1200/1*2qlK3bTLlmpPlefQB6wD0A.png
https://images.techhive.com/images/article/2015/05/thelist-selfies-sleeping-selfie-100584130-large.png
https://i.pinimg.com/236x/0e/e0/e2/0ee0e2beecbdbb4f9d71fb972ca5ecb0.jpg
https://www.wikihow.com/images/thumb/0/06/Take-Good-Selfies-Step-11-Version-2.jpg/aid3341553-v4-728px-Take-Good-Selfies-Step-11-Version-2.jpg
https://www.thoughtco.com/thmb/r7szrFJ_wz2WZep_EuYB_IIMLLw=/733x550/filters:no_upscale():max_bytes(150000):strip_icc()/selfie-lincoln-58b8c2815f9b58af5c89d0a0.jpg
https://i.huffpost.com/gen/1443658/thumbs/o-SELFIES-570.jpg?3
https://cdn.cnn.com/cnnnext/dam/assets/150209112858-selfies-london-bridge-super-169.jpg
https://buffer.com/resources/wp-content/uploads/2015/06/1888-selfie-frame.jpg
https://i.dailymail.co.uk/i/pix/2014/07/23/article-2702161-1FE3FDB000000578-304_634x376.jpg
https://images.techhive.com/images/article/2015/05/thelist-selfies-pool-legs-selfie-100584125-large.jpg
https://petapixel.com/assets/uploads/2018/10/coupleyosemitefeattt-800x420.jpg
https://thechive.files.wordpress.com/2019/03/selfie.jpg?quality=85&strip=info&w=600&h=450&crop=1
https://cdn.newsapi.com.au/image/v1/20f3c33aaf615a0c36314efb7725d438?width=316
https://pbs.twimg.com/media/CTQGW-NVEAAEI8P.jpg
https://thenypost.files.wordpress.com/2014/04/mile-high-selfie1.jpg?quality=90&strip=all
https://cdn-img.instyle.com/sites/default/files/images/2015/12/12-5-15-kylie-jenner.jpg
https://cdn.cnn.com/cnnnext/dam/assets/150211161213-selfie-sticks-4-super-169.jpg
https://runt-of-the-web.com/wordpress/wp-content/uploads/2013/10/sexy-selfy-fails-off-to-a-funeral.jpg
https://thechive.files.wordpress.com/2019/03/lead2-20.jpg?quality=85&strip=info&w=600&h=450&crop=1
https://i2.wp.com/metro.co.uk/wp-content/uploads/2019/02/sei_54572881-dcba.jpg?quality=90&strip=all&zoom=1&resize=540%2C361&ssl=1
http://i40.tinypic.com/biqk2h.jpg
https://i.dailymail.co.uk/i/pix/2014/07/23/article-2702161-1FE3C2C700000578-630_634x631.jpg
https://thechive.files.wordpress.com/2019/02/selfie-01_12_19-lead-01a.jpg?quality=85&strip=info&w=600&h=450&crop=1
https://images.techhive.com/images/article/2015/05/thelist-selfies-pet-selfie-100584123-large.jpg
https://thechive.files.wordpress.com/2019/03/lead-140.jpg?quality=85&strip=info&w=600&h=450&crop=1
http://mymodernmet.com/wp/wp-content/uploads/2017/01/animal-selfies-12.jpg
https://thechive.files.wordpress.com/2019/03/selfie-03_26_19-lead-01a.jpg?quality=85&strip=info&w=600&h=450&crop=1
https://thechive.files.wordpress.com/2019/01/selfie-01_15_18-lead-02b.jpg?quality=85&strip=info&w=600&h=450&crop=1
https://static01.nyt.com/images/2015/12/11/magazine/11-selfies/11-selfies-articleLarge.jpg?quality=90&auto=webp